<?xml version="1.0" encoding="UTF-8" ?>
<!DOCTYPE configuration
  PUBLIC "-//mybatis.org//DTD Config 3.0//EN"
  "https://mybatis.org/dtd/mybatis-3-config.dtd">
<configuration>
  <properties resource="config/db.properties"></properties>
  

  <settings>
  	<setting name="mapUnderscoreToCamelCase" value="true"></setting>
  </settings>
    <!-- membermapper 에 별영 쓰려고 -->
  <typeAliases>
  	
  </typeAliases>
  
  <environments default="development">
    <environment id="development">
      <transactionManager type="JDBC"/>
      <dataSource type="POOLED">
        <property name="driver" value="${jdbc.driver}"/>
        <property name="url" value="${jdbc.url}"/>
        <property name="username" value="${jdbc.user}"/>
        <property name="password" value="${jdbc.password}"/>
      </dataSource>
    </environment>
  </environments>
  <mappers>
   
  </mappers>
</configuration>
