<?xml version="1.0" encoding="ISO-8859-1" ?>
<!DOCTYPE tiles-definitions PUBLIC
       "-//Apache Software Foundation//DTD Tiles Configuration 3.0//EN"
       "http://tiles.apache.org/dtds/tiles-config_3_0.dtd">

<tiles-definitions>
	<definition name="myapp.homepage" template="/WEB-INF/layout/template.jsp">
		<!-- <put-attribute name="title" value="Tiles tutorial homepage" /> -->
		<put-attribute name="navbar" value="/WEB-INF/layout/navbar.jsp" />
		<put-attribute name="hero-header" value="/WEB-INF/layout/hero-header.jsp" />
		<put-attribute name="footer" value="/WEB-INF/layout/footer.jsp" />
		<put-attribute name="backToTop" value="/WEB-INF/layout/backToTop.jsp" />
		<put-attribute name="body" value="/WEB-INF/layout/content.jsp" />
	</definition>
	<definition name="WILDCARD:*/*" extends="myapp.homepage">
		<put-attribute name="body" value="/WEB-INF/views/{1}/{2}.jsp"></put-attribute>
	</definition>
	
</tiles-definitions>
